orthogroup,mutation_set,pdb_run,N,median_ddG,mad_ddG
OG0030099,OG0030099__cereus_76980_to_fffh_73284__diff,OG0030099__cereus_76980_Repair,8,0.19665,0.5359499999999999
OG0030099,OG0030099__cereus_76980_to_fffg_69053__diff,OG0030099__cereus_76980_Repair,7,0.2093,0.06910000000000002
OG0028003,OG0028003__cereus_5087_to_fffg_73760__diff,OG0028003__cereus_5087_Repair,5,1.4904,1.7018
OG0029756,OG0029756__cereus_51133_to_fff3_31597__diff,OG0029756__cereus_51133_Repair,8,-0.2535,0.8015
OG0028976,OG0028976__cereus_19790_to_fffi_25351__diff,OG0028976__cereus_19790_Repair,46,0.40675,0.8278
OG0030099,OG0030099__cereus_76980_to_fffi_66515__diff,OG0030099__cereus_76980_Repair,6,0.2028,0.05635000000000001
OG0029756,OG0029756__cereus_51133_to_fffi_13010__diff,OG0029756__cereus_51133_Repair,11,-0.154,0.204
OG0028003,OG0028003__cereus_5087_to_fffd_36551__diff,OG0028003__cereus_5087_Repair,6,0.8603000000000001,0.47250000000000003
OG0028003,OG0028003__cereus_5087_to_fffh_49579__diff,OG0028003__cereus_5087_Repair,4,1.23935,0.91955
OG0029756,OG0029756__cereus_51133_to_fffg_67072__diff,OG0029756__cereus_51133_Repair,12,-0.20650000000000002,0.289
OG0028976,OG0028976__cereus_19790_to_fffg_47024__diff,OG0028976__cereus_19790_Repair,117,0.5316,0.7109
OG0029756,OG0029756__cereus_51133_to_ffff_26018__diff,OG0029756__cereus_51133_Repair,130,0.0945,0.5485
OG0028976,OG0028976__cereus_19790_to_fffd_23291__diff,OG0028976__cereus_19790_Repair,118,0.52485,0.7144499999999999
OG0028976,OG0028976__cereus_19790_to_fffh_5761__diff,OG0028976__cereus_19790_Repair,119,0.527,0.7973
OG0029756,OG0029756__cereus_51133_to_fffh_8507__diff,OG0029756__cereus_51133_Repair,1,0.589,0.0
OG0028976,OG0028976__cereus_19790_to_fffe_19967__diff,OG0028976__cereus_19790_Repair,117,0.5324,0.7101
OG0028003,OG0028003__cereus_5087_to_fffi_71599__diff,OG0028003__cereus_5087_Repair,7,0.8515,1.0634000000000001
OG0028003,OG0028003__cereus_5087_to_fffe_39917__diff,OG0028003__cereus_5087_Repair,7,0.8515,0.8217
OG0030099,OG0030099__cereus_76980_to_fffe_34513__diff,OG0030099__cereus_76980_Repair,13,0.2093,0.6529
OG0029756,OG0029756__cereus_51133_to_fffd_22079__diff,OG0029756__cereus_51133_Repair,6,0.798,0.8419999999999999
OG0028976,OG0028976__cereus_19790_to_ffff_12384__diff,OG0028976__cereus_19790_Repair,122,0.60785,0.74855
OG0030099,OG0030099__cereus_76980_to_ffff_67669__diff,OG0030099__cereus_76980_Repair,8,-0.1483,0.6429
OG0028003,OG0028003__cereus_5087_to_ffff_61238__diff,OG0028003__cereus_5087_Repair,8,0.73045,0.9425
